review,label
"This film was an absolute masterpiece from start to finish, I was completely blown away.",positive
"The acting was phenomenal and the story kept me on the edge of my seat the whole time.",positive
"One of the best movies I have seen in years, the direction was flawless.",positive
"A beautiful, moving story with incredible performances from the entire cast.",positive
"The visuals were stunning and the score elevated every single scene.",positive
"I laughed, I cried, this movie had everything and I would watch it again immediately.",positive
"Brilliant pacing and a script that never wasted a single minute of my time.",positive
"The cinematography alone makes this worth watching, truly gorgeous filmmaking.",positive
"An emotionally powerful film that stuck with me for days after watching it.",positive
"The chemistry between the leads was fantastic and made the romance believable.",positive
"A gripping thriller with twists that genuinely surprised me.",positive
"The soundtrack was incredible and perfectly matched the tone of every scene.",positive
"This is a must watch, the direction and editing were top notch.",positive
"A wonderfully written story that balances humor and heart perfectly.",positive
"The performances were so convincing that I forgot I was watching actors.",positive
"An ambitious and successful film that took real creative risks and paid off.",positive
"The world building was rich and immersive from the very first scene.",positive
"A near perfect blend of action, drama, and genuine emotion.",positive
"Every actor brought their A game, the ensemble cast was outstanding.",positive
"The ending left me speechless in the best possible way.",positive
"This movie was a complete waste of time, the plot made no sense at all.",negative
"Terrible acting throughout, I could not connect with a single character.",negative
"The pacing was painfully slow and I nearly fell asleep halfway through.",negative
"A boring, forgettable film with nothing new to offer.",negative
"The dialogue was cringeworthy and the plot holes were impossible to ignore.",negative
"I regret spending money on this, it was a huge disappointment.",negative
"The special effects looked cheap and the story felt lazily written.",negative
"None of the characters were likable and the ending was deeply unsatisfying.",negative
"This film dragged on forever with barely any actual plot development.",negative
"The direction was clumsy and the editing made the whole thing hard to follow.",negative
"A poorly executed movie that wastes a genuinely interesting premise.",negative
"The soundtrack was distracting and did not fit the mood of the film at all.",negative
"I found the humor forced and the jokes fell completely flat.",negative
"The lead actor's performance felt wooden and completely unconvincing.",negative
"A messy script with an ending that felt rushed and incomplete.",negative
"This was one of the most tedious films I have sat through this year.",negative
"The visuals were flat and uninspired, nothing stood out at all.",negative
"The story felt derivative, like a worse version of a dozen other movies.",negative
"I was bored for most of the runtime and checked my phone multiple times.",negative
"A disappointing sequel that fails to capture what made the original good.",negative
